{"cameraMode":{"drawMode":0,"name":"Shaded","section":"Shading Mode"},"sceneLighting":false,"audioPlay":false,"sceneViewState":{"showFog":true,"showMaterialUpdate":false,"showSkybox":true,"showFlares":true,"showImageEffects":true,"showParticleSystems":true},"in2DMode":false,"pivot":{"x":-0.287250280380249,"y":-0.5600998401641846,"z":0.06353343278169632},"rotation":{"x":0.3319684863090515,"y":-0.618273138999939,"z":0.3233133554458618,"w":0.6348257660865784},"size":1.0824472904205323,"orthographic":false}