{"cameraMode":{"drawMode":0,"name":"Shaded","section":"Shading Mode"},"sceneLighting":false,"audioPlay":false,"sceneViewState":{"showFog":true,"showMaterialUpdate":false,"showSkybox":true,"showFlares":true,"showImageEffects":true,"showParticleSystems":true},"in2DMode":false,"pivot":{"x":0.29868167638778689,"y":0.15140053629875184,"z":0.029538780450820924},"rotation":{"x":0.3070352077484131,"y":0.12712261080741883,"z":-0.041422609239816669,"w":0.9422597885131836},"size":0.6713134050369263,"orthographic":false}