{"cameraMode":{"drawMode":0,"name":"Shaded","section":"Shading Mode"},"sceneLighting":false,"audioPlay":false,"sceneViewState":{"showFog":true,"showMaterialUpdate":false,"showSkybox":true,"showFlares":true,"showImageEffects":true,"showParticleSystems":true},"in2DMode":false,"pivot":{"x":-424.76080322265627,"y":-3.4594812393188478,"z":75.60137939453125},"rotation":{"x":-0.04208778962492943,"y":0.9311464428901672,"z":-0.11399159580469132,"w":-0.3438035845756531},"size":345.79742431640627,"orthographic":false}