{"cameraMode":{"drawMode":0,"name":"Shaded","section":"Shading Mode"},"sceneLighting":false,"audioPlay":false,"sceneViewState":{"showFog":true,"showMaterialUpdate":false,"showSkybox":true,"showFlares":true,"showImageEffects":true,"showParticleSystems":true},"in2DMode":false,"pivot":{"x":0.9200161695480347,"y":0.7407287359237671,"z":-0.2722044289112091},"rotation":{"x":-0.33194699883461,"y":0.4519439935684204,"z":-0.18593761324882508,"w":-0.8068364262580872},"size":0.6636635065078735,"orthographic":false}