{"cameraMode":{"drawMode":0,"name":"Shaded","section":"Shading Mode"},"sceneLighting":false,"audioPlay":false,"sceneViewState":{"showFog":true,"showMaterialUpdate":false,"showSkybox":true,"showFlares":true,"showImageEffects":true,"showParticleSystems":true},"in2DMode":false,"pivot":{"x":136.4039764404297,"y":-19.14910888671875,"z":55.7421875},"rotation":{"x":-0.09653385728597641,"y":-0.6265234351158142,"z":0.0786069855093956,"w":-0.769396185874939},"size":230.15628051757813,"orthographic":false}