{"cameraMode":{"drawMode":0,"name":"Shaded","section":"Shading Mode"},"sceneLighting":false,"audioPlay":false,"sceneViewState":{"showFog":true,"showMaterialUpdate":false,"showSkybox":true,"showFlares":true,"showImageEffects":true,"showParticleSystems":true},"in2DMode":false,"pivot":{"x":-0.10786902904510498,"y":-0.20877176523208619,"z":-0.01029399037361145},"rotation":{"x":0.224762424826622,"y":-0.7676460146903992,"z":0.35841745138168337,"w":0.4813920259475708},"size":0.6983553171157837,"orthographic":false}