{"cameraMode":{"drawMode":0,"name":"Shaded","section":"Shading Mode"},"sceneLighting":false,"audioPlay":false,"sceneViewState":{"showFog":true,"showMaterialUpdate":false,"showSkybox":true,"showFlares":true,"showImageEffects":true,"showParticleSystems":true},"in2DMode":false,"pivot":{"x":0.010250091552734375,"y":3.6854825019836427,"z":-4.961303234100342},"rotation":{"x":0.11194630712270737,"y":-0.852146327495575,"z":0.20341381430625916,"w":0.4689749777317047},"size":76.11271667480469,"orthographic":false}