{"cameraMode":{"drawMode":0,"name":"Shaded","section":"Shading Mode"},"sceneLighting":false,"audioPlay":false,"sceneViewState":{"showFog":true,"showMaterialUpdate":false,"showSkybox":true,"showFlares":true,"showImageEffects":true,"showParticleSystems":true},"in2DMode":false,"pivot":{"x":0.206437349319458,"y":-0.3882296085357666,"z":-0.22942674160003663},"rotation":{"x":-0.034434933215379718,"y":0.8974900841712952,"z":-0.433880478143692,"w":-0.07122936099767685},"size":22.0,"orthographic":false}