{"cameraMode":{"drawMode":0,"name":"Shaded","section":"Shading Mode"},"sceneLighting":false,"audioPlay":false,"sceneViewState":{"showFog":true,"showMaterialUpdate":false,"showSkybox":true,"showFlares":true,"showImageEffects":true,"showParticleSystems":true},"in2DMode":false,"pivot":{"x":-0.0008749961853027344,"y":0.17122501134872437,"z":-0.0024000005796551706},"rotation":{"x":-0.034434933215379718,"y":0.8974900841712952,"z":-0.433880478143692,"w":-0.07122936099767685},"size":0.6646677255630493,"orthographic":false}